{
    "name": "root",
    "gauges": {
        "DroneControl.Policy.Entropy.mean": {
            "value": 1.3286935091018677,
            "min": 1.3286935091018677,
            "max": 1.4189382791519165,
            "count": 45
        },
        "DroneControl.Policy.Entropy.sum": {
            "value": 13087.630859375,
            "min": 12870.4384765625,
            "max": 14552.71484375,
            "count": 45
        },
        "DroneControl.Environment.EpisodeLength.mean": {
            "value": 81.775,
            "min": 7.045856798069187,
            "max": 81.775,
            "count": 45
        },
        "DroneControl.Environment.EpisodeLength.sum": {
            "value": 9813.0,
            "min": 8758.0,
            "max": 9990.0,
            "count": 45
        },
        "DroneControl.Step.mean": {
            "value": 449884.0,
            "min": 9993.0,
            "max": 449884.0,
            "count": 45
        },
        "DroneControl.Step.sum": {
            "value": 449884.0,
            "min": 9993.0,
            "max": 449884.0,
            "count": 45
        },
        "DroneControl.Policy.ExtrinsicValueEstimate.mean": {
            "value": -0.6117213368415833,
            "min": -0.9405171871185303,
            "max": 0.005990267731249332,
            "count": 45
        },
        "DroneControl.Policy.ExtrinsicValueEstimate.sum": {
            "value": -73.40656280517578,
            "min": -1022.239501953125,
            "max": 7.38001012802124,
            "count": 45
        },
        "DroneControl.Environment.CumulativeReward.mean": {
            "value": -0.999966082473596,
            "min": -0.9999985594919393,
            "max": -0.999884247876607,
            "count": 45
        },
        "DroneControl.Environment.CumulativeReward.sum": {
            "value": -119.99592989683151,
            "min": -1241.9474167823792,
            "max": -119.99592989683151,
            "count": 45
        },
        "DroneControl.Policy.ExtrinsicReward.mean": {
            "value": -0.999966082473596,
            "min": -0.9999985594919393,
            "max": -0.999884247876607,
            "count": 45
        },
        "DroneControl.Policy.ExtrinsicReward.sum": {
            "value": -119.99592989683151,
            "min": -1241.9474167823792,
            "max": -119.99592989683151,
            "count": 45
        },
        "DroneControl.IsTraining.mean": {
            "value": 1.0,
            "min": 1.0,
            "max": 1.0,
            "count": 45
        },
        "DroneControl.IsTraining.sum": {
            "value": 1.0,
            "min": 1.0,
            "max": 1.0,
            "count": 45
        },
        "DroneControl.Losses.PolicyLoss.mean": {
            "value": 0.0178532759193331,
            "min": 0.01266967411308239,
            "max": 0.020050714312431713,
            "count": 21
        },
        "DroneControl.Losses.PolicyLoss.sum": {
            "value": 0.0178532759193331,
            "min": 0.01266967411308239,
            "max": 0.020050714312431713,
            "count": 21
        },
        "DroneControl.Losses.ValueLoss.mean": {
            "value": 0.02211755346506834,
            "min": 0.007586158641303579,
            "max": 0.5128410875797271,
            "count": 21
        },
        "DroneControl.Losses.ValueLoss.sum": {
            "value": 0.02211755346506834,
            "min": 0.007586158641303579,
            "max": 0.5128410875797271,
            "count": 21
        },
        "DroneControl.Policy.LearningRate.mean": {
            "value": 0.00029870850643049803,
            "min": 0.00029870850643049803,
            "max": 0.000299938479020507,
            "count": 21
        },
        "DroneControl.Policy.LearningRate.sum": {
            "value": 0.00029870850643049803,
            "min": 0.00029870850643049803,
            "max": 0.000299938479020507,
            "count": 21
        },
        "DroneControl.Policy.Epsilon.mean": {
            "value": 0.19956950200000004,
            "min": 0.19956950200000004,
            "max": 0.19997949299999995,
            "count": 21
        },
        "DroneControl.Policy.Epsilon.sum": {
            "value": 0.19956950200000004,
            "min": 0.19956950200000004,
            "max": 0.19997949299999995,
            "count": 21
        },
        "DroneControl.Policy.Beta.mean": {
            "value": 0.004978518149799998,
            "min": 0.004978518149799998,
            "max": 0.004998976700699999,
            "count": 21
        },
        "DroneControl.Policy.Beta.sum": {
            "value": 0.004978518149799998,
            "min": 0.004978518149799998,
            "max": 0.004998976700699999,
            "count": 21
        }
    },
    "metadata": {
        "timer_format_version": "0.1.0",
        "start_time_seconds": "1713370002",
        "python_version": "3.10.12 | packaged by conda-forge | (main, Jun 23 2023, 22:34:57) [MSC v.1936 64 bit (AMD64)]",
        "command_line_arguments": "\\\\?\\C:\\Users\\alesm\\miniconda3\\envs\\mlagents\\Scripts\\mlagents-learn trainer_config.yaml --run-id pokus --no-graphics --force",
        "mlagents_version": "1.0.0",
        "mlagents_envs_version": "1.0.0",
        "communication_protocol_version": "1.5.0",
        "pytorch_version": "1.13.1+cu117",
        "numpy_version": "1.23.1",
        "end_time_seconds": "1713370735"
    },
    "total": 732.9059358000013,
    "count": 1,
    "self": 0.015905100000964012,
    "children": {
        "run_training.setup": {
            "total": 0.13628430000244407,
            "count": 1,
            "self": 0.13628430000244407
        },
        "TrainerController.start_learning": {
            "total": 732.7537463999979,
            "count": 1,
            "self": 0.7936637997918297,
            "children": {
                "TrainerController._reset_env": {
                    "total": 9.936310899996897,
                    "count": 1,
                    "self": 9.936310899996897
                },
                "TrainerController.advance": {
                    "total": 721.9100474002043,
                    "count": 26914,
                    "self": 0.6584741999831749,
                    "children": {
                        "env_step": {
                            "total": 502.4429478001475,
                            "count": 26914,
                            "self": 476.34367019921046,
                            "children": {
                                "SubprocessEnvManager._take_step": {
                                    "total": 25.681948500270664,
                                    "count": 26914,
                                    "self": 1.0599585999007104,
                                    "children": {
                                        "TorchPolicy.evaluate": {
                                            "total": 24.621989900369954,
                                            "count": 9074,
                                            "self": 24.621989900369954
                                        }
                                    }
                                },
                                "workers": {
                                    "total": 0.41732910066639306,
                                    "count": 26914,
                                    "self": 0.0,
                                    "children": {
                                        "worker_root": {
                                            "total": 726.0469637001661,
                                            "count": 26914,
                                            "is_parallel": true,
                                            "self": 292.54828749984154,
                                            "children": {
                                                "steps_from_proto": {
                                                    "total": 0.0007011000052443705,