{
    "name": "root",
    "gauges": {
        "DroneControl.Policy.Entropy.mean": {
            "value": -2.0402238368988037,
            "min": -2.0402238368988037,
            "max": 1.4189382791519165,
            "count": 1116
        },
        "DroneControl.Policy.Entropy.sum": {
            "value": -19790.171875,
            "min": -20995.861328125,
            "max": 16283.8515625,
            "count": 1116
        },
        "DroneControl.Environment.EpisodeLength.mean": {
            "value": 399.0,
            "min": 6.996810207336523,
            "max": 399.0,
            "count": 1116
        },
        "DroneControl.Environment.EpisodeLength.sum": {
            "value": 9975.0,
            "min": 8745.0,
            "max": 10347.0,
            "count": 1116
        },
        "DroneControl.Step.mean": {
            "value": 11159932.0,
            "min": 9995.0,
            "max": 11159932.0,
            "count": 1116
        },
        "DroneControl.Step.sum": {
            "value": 11159932.0,
            "min": 9995.0,
            "max": 11159932.0,
            "count": 1116
        },
        "DroneControl.Policy.ExtrinsicValueEstimate.mean": {
            "value": 269.68212890625,
            "min": -0.9497256278991699,
            "max": 270.10858154296875,
            "count": 1116
        },
        "DroneControl.Policy.ExtrinsicValueEstimate.sum": {
            "value": 6742.05322265625,
            "min": -1087.4158935546875,
            "max": 6752.71435546875,
            "count": 1116
        },
        "DroneControl.Environment.CumulativeReward.mean": {
            "value": 1071.5861767578126,
            "min": -0.9996810446343114,
            "max": 1078.45322265625,
            "count": 1116
        },
        "DroneControl.Environment.CumulativeReward.sum": {
            "value": 26789.654418945312,
            "min": -1249.539963066578,
            "max": 26961.33056640625,
            "count": 1116
        },
        "DroneControl.Policy.ExtrinsicReward.mean": {
            "value": 1071.5861767578126,
            "min": -0.9996810446343114,
            "max": 1078.45322265625,
            "count": 1116
        },
        "DroneControl.Policy.ExtrinsicReward.sum": {
            "value": 26789.654418945312,
            "min": -1249.539963066578,
            "max": 26961.33056640625,
            "count": 1116
        },
        "DroneControl.IsTraining.mean": {
            "value": 1.0,
            "min": 1.0,
            "max": 1.0,
            "count": 1116
        },
        "DroneControl.IsTraining.sum": {
            "value": 1.0,
            "min": 1.0,
            "max": 1.0,
            "count": 1116
        },
        "DroneControl.Losses.PolicyLoss.mean": {
            "value": 0.015418940262558559,
            "min": 0.010407152011369665,
            "max": 0.023954081389820202,
            "count": 537
        },
        "DroneControl.Losses.PolicyLoss.sum": {
            "value": 0.015418940262558559,
            "min": 0.010407152011369665,
            "max": 0.023954081389820202,
            "count": 537
        },
        "DroneControl.Losses.ValueLoss.mean": {
            "value": 10.22421220143636,
            "min": 0.004390920512378216,
            "max": 17.20823720296224,
            "count": 537
        },
        "DroneControl.Losses.ValueLoss.sum": {
            "value": 10.22421220143636,
            "min": 0.004390920512378216,
            "max": 17.20823720296224,
            "count": 537
        },
        "DroneControl.Policy.LearningRate.mean": {
            "value": 0.00026653461515513204,
            "min": 0.00026653461515513204,
            "max": 0.000299938539020487,
            "count": 537
        },
        "DroneControl.Policy.LearningRate.sum": {
            "value": 0.00026653461515513204,
            "min": 0.00026653461515513204,
            "max": 0.000299938539020487,
            "count": 537
        },
        "DroneControl.Policy.Epsilon.mean": {
            "value": 0.18884486800000005,
            "min": 0.18884486800000005,
            "max": 0.19997951299999997,
            "count": 537
        },
        "DroneControl.Policy.Epsilon.sum": {
            "value": 0.18884486800000005,
            "min": 0.18884486800000005,
            "max": 0.19997951299999997,
            "count": 537
        },
        "DroneControl.Policy.Beta.mean": {
            "value": 0.004443358913199999,
            "min": 0.004443358913199999,
            "max": 0.004998977698700001,
            "count": 537
        },
        "DroneControl.Policy.Beta.sum": {
            "value": 0.004443358913199999,
            "min": 0.004443358913199999,
            "max": 0.004998977698700001,
            "count": 537
        }
    },
    "metadata": {
        "timer_format_version": "0.1.0",
        "start_time_seconds": "1713373228",
        "python_version": "3.10.12 (main, Jul  5 2023, 18:54:27) [GCC 11.2.0]",
        "command_line_arguments": "/home/urk/miniconda3/envs/mlagents/bin/mlagents-learn trainer_config.yaml --run-id=pokus --env=/home/urk/AM/autonomous-drone/Builds/Linux/non-neat-env/autonomous-drone.x86_64 --base-port=5007 --no-graphics --force",
        "mlagents_version": "1.0.0",
        "mlagents_envs_version": "1.0.0",
        "communication_protocol_version": "1.5.0",
        "pytorch_version": "2.2.0+cu121",
        "numpy_version": "1.21.2",
        "end_time_seconds": "1713377122"
    },
    "total": 3894.1243712618016,
    "count": 1,
    "self": 3.0055120899342,
    "children": {
        "run_training.setup": {
            "total": 0.009974058717489243,
            "count": 1,
            "self": 0.009974058717489243
        },
        "TrainerController.start_learning": {
            "total": 3891.10888511315,
            "count": 1,
            "self": 2.072836390696466,
            "children": {
                "TrainerController._reset_env": {
                    "total": 1.0105399149470031,
                    "count": 1,
                    "self": 1.0105399149470031
                },
                "TrainerController.advance": {
                    "total": 3888.0078707588837,
                    "count": 263679,
                    "self": 1.964903321582824,
                    "children": {
                        "env_step": {
                            "total": 2814.0841966611333,
                            "count": 263679,
                            "self": 2743.620616703294,
                            "children": {
                                "SubprocessEnvManager._take_step": {
                                    "total": 69.06079924013466,
                                    "count": 263679,
                                    "self": 7.815823330543935,
                                    "children": {
                                        "TorchPolicy.evaluate": {
                                            "total": 61.24497590959072,
                                            "count": 223518,
                                            "self": 61.24497590959072
                                        }
                                    }
                                },
                                "workers": {
                                    "total": 1.4027807177044451,
                                    "count": 263678,
                                    "self": 0.0,
                                    "children": {
                                        "worker_root": {
                                            "total": 3886.351147995796,
                                            "count": 263678,
                                            "is_parallel": true,
                                            "self": 1434.2505712383427,
                                            "children": {
                                                "run_training.setup": {
                                                    "total": 0.0,