{
    "name": "root",
    "gauges": {
        "ForestControl.Policy.Entropy.mean": {
            "value": 1.4188536405563354,
            "min": 1.4188536405563354,
            "max": 1.4189382791519165,
            "count": 2
        },
        "ForestControl.Policy.Entropy.sum": {
            "value": 56754.14453125,
            "min": 56754.14453125,
            "max": 56757.53125,
            "count": 2
        },
        "ForestControl.Environment.EpisodeLength.mean": {
            "value": 799.0,
            "min": 799.0,
            "max": 799.0,
            "count": 2
        },
        "ForestControl.Environment.EpisodeLength.sum": {
            "value": 39950.0,
            "min": 39950.0,
            "max": 39950.0,
            "count": 2
        },
        "ForestControl.Step.mean": {
            "value": 79200.0,
            "min": 9600.0,
            "max": 79200.0,
            "count": 8
        },
        "ForestControl.Step.sum": {
            "value": 79200.0,
            "min": 9600.0,
            "max": 79200.0,
            "count": 8
        },
        "ForestControl.Policy.ExtrinsicValueEstimate.mean": {
            "value": 0.18772542476654053,
            "min": 0.18772542476654053,
            "max": 0.21478807926177979,
            "count": 8
        },
        "ForestControl.Policy.ExtrinsicValueEstimate.sum": {
            "value": 2.2527050971984863,
            "min": 2.2527050971984863,
            "max": 2.792231321334839,
            "count": 8
        },
        "ForestControl.Environment.CumulativeReward.mean": {
            "value": 1.0942046386311841e-20,
            "min": 1.0942046386311841e-20,
            "max": 3.204936688121269e-17,
            "count": 8
        },
        "ForestControl.Environment.CumulativeReward.sum": {
            "value": 1.313045566357421e-19,
            "min": 1.313045566357421e-19,
            "max": 3.8459240257455225e-16,
            "count": 8
        },
        "ForestControl.Policy.ExtrinsicReward.mean": {
            "value": 1.0942046386311841e-20,
            "min": 1.0942046386311841e-20,
            "max": 3.204936688121269e-17,
            "count": 8
        },
        "ForestControl.Policy.ExtrinsicReward.sum": {
            "value": 1.313045566357421e-19,
            "min": 1.313045566357421e-19,
            "max": 3.8459240257455225e-16,
            "count": 8
        },
        "ForestControl.IsTraining.mean": {
            "value": 1.0,
            "min": 1.0,
            "max": 1.0,
            "count": 8
        },
        "ForestControl.IsTraining.sum": {
            "value": 1.0,
            "min": 1.0,
            "max": 1.0,
            "count": 8
        },
        "ForestControl.Losses.PolicyLoss.mean": {
            "value": 0.016660093803677643,
            "min": 0.016660093803677643,
            "max": 0.016660093803677643,
            "count": 1
        },
        "ForestControl.Losses.PolicyLoss.sum": {
            "value": 0.016660093803677643,
            "min": 0.016660093803677643,
            "max": 0.016660093803677643,
            "count": 1
        },
        "ForestControl.Losses.ValueLoss.mean": {
            "value": 0.005045579159183003,
            "min": 0.005045579159183003,
            "max": 0.005045579159183003,
            "count": 1
        },
        "ForestControl.Losses.ValueLoss.sum": {
            "value": 0.005045579159183003,
            "min": 0.005045579159183003,
            "max": 0.005045579159183003,
            "count": 1
        },
        "ForestControl.Policy.LearningRate.mean": {
            "value": 0.00029976000007999996,
            "min": 0.00029976000007999996,
            "max": 0.00029976000007999996,
            "count": 1
        },
        "ForestControl.Policy.LearningRate.sum": {
            "value": 0.00029976000007999996,
            "min": 0.00029976000007999996,
            "max": 0.00029976000007999996,
            "count": 1
        },
        "ForestControl.Policy.Epsilon.mean": {
            "value": 0.19992000000000004,
            "min": 0.19992000000000004,
            "max": 0.19992000000000004,
            "count": 1
        },
        "ForestControl.Policy.Epsilon.sum": {
            "value": 0.19992000000000004,
            "min": 0.19992000000000004,
            "max": 0.19992000000000004,
            "count": 1
        },
        "ForestControl.Policy.Beta.mean": {
            "value": 0.004996008,
            "min": 0.004996008,
            "max": 0.004996008,
            "count": 1
        },
        "ForestControl.Policy.Beta.sum": {
            "value": 0.004996008,
            "min": 0.004996008,
            "max": 0.004996008,
            "count": 1
        }
    },
    "metadata": {
        "timer_format_version": "0.1.0",
        "start_time_seconds": "1713444634",
        "python_version": "3.10.12 | packaged by conda-forge | (main, Jun 23 2023, 22:34:57) [MSC v.1936 64 bit (AMD64)]",
        "command_line_arguments": "\\\\?\\C:\\Users\\alesm\\miniconda3\\envs\\mlagents\\Scripts\\mlagents-learn trainer_config.yaml --run-id=cave --no-graphics --force",
        "mlagents_version": "1.0.0",
        "mlagents_envs_version": "1.0.0",
        "communication_protocol_version": "1.5.0",
        "pytorch_version": "1.13.1+cu117",
        "numpy_version": "1.23.1",
        "end_time_seconds": "1713444809"
    },
    "total": 174.34281770000052,
    "count": 1,
    "self": 0.017198499999722117,
    "children": {
        "run_training.setup": {
            "total": 0.10660319999988133,
            "count": 1,
            "self": 0.10660319999988133
        },
        "TrainerController.start_learning": {
            "total": 174.21901600000092,
            "count": 1,
            "self": 0.04168150002260518,
            "children": {
                "TrainerController._reset_env": {
                    "total": 13.079360899999301,
                    "count": 1,
                    "self": 13.079360899999301
                },
                "TrainerController.advance": {
                    "total": 160.95760339997832,
                    "count": 1751,
                    "self": 0.047539299965137616,
                    "children": {
                        "env_step": {
                            "total": 136.41661409998233,
                            "count": 1751,
                            "self": 130.30441660008364,
                            "children": {
                                "SubprocessEnvManager._take_step": {
                                    "total": 6.0867861999504385,
                                    "count": 1751,
                                    "self": 0.19087239993132243,
                                    "children": {
                                        "TorchPolicy.evaluate": {
                                            "total": 5.895913800019116,
                                            "count": 1751,
                                            "self": 5.895913800019116
                                        }
                                    }
                                },
                                "workers": {
                                    "total": 0.02541129994824587,
                                    "count": 1750,
                                    "self": 0.0,
                                    "children": {
                                        "worker_root": {
                                            "total": 165.23413760002404,
                                            "count": 1750,
                                            "is_parallel": true,
                                            "self": 39.994421300018075,
                                            "children": {
                                                "steps_from_proto": {
                                                    "total": 0.0013849999995727558,
                                                    "count": 1,