{
    "name": "root",
    "gauges": {
        "DroneControl.Policy.Entropy.mean": {
            "value": -1.2583682537078857,
            "min": -1.2583682537078857,
            "max": 1.4189382791519165,
            "count": 1517
        },
        "DroneControl.Policy.Entropy.sum": {
            "value": -10803.091796875,
            "min": -15999.59765625,
            "max": 19077.109375,
            "count": 1517
        },
        "DroneControl.Environment.EpisodeLength.mean": {
            "value": 399.0,
            "min": 9.5299055613851,
            "max": 399.0,
            "count": 1517
        },
        "DroneControl.Environment.EpisodeLength.sum": {
            "value": 9975.0,
            "min": 9082.0,
            "max": 10480.0,
            "count": 1517
        },
        "DroneControl.Step.mean": {
            "value": 15169902.0,
            "min": 9993.0,
            "max": 15169902.0,
            "count": 1517
        },
        "DroneControl.Step.sum": {
            "value": 15169902.0,
            "min": 9993.0,
            "max": 15169902.0,
            "count": 1517
        },
        "DroneControl.Policy.ExtrinsicValueEstimate.mean": {
            "value": 122.7247085571289,
            "min": -0.8808259963989258,
            "max": 129.5997314453125,
            "count": 1517
        },
        "DroneControl.Policy.ExtrinsicValueEstimate.sum": {
            "value": 3068.11767578125,
            "min": -659.0765380859375,
            "max": 3239.993408203125,
            "count": 1517
        },
        "DroneControl.Environment.CumulativeReward.mean": {
            "value": 514.5690771484375,
            "min": -0.9996418523568964,
            "max": 542.8423474121093,
            "count": 1517
        },
        "DroneControl.Environment.CumulativeReward.sum": {
            "value": 12864.226928710938,
            "min": -947.5423952937126,
            "max": 13571.058685302734,
            "count": 1517
        },
        "DroneControl.Policy.ExtrinsicReward.mean": {
            "value": 514.5690771484375,
            "min": -0.9996418523568964,
            "max": 542.8423474121093,
            "count": 1517
        },
        "DroneControl.Policy.ExtrinsicReward.sum": {
            "value": 12864.226928710938,
            "min": -947.5423952937126,
            "max": 13571.058685302734,
            "count": 1517
        },
        "DroneControl.IsTraining.mean": {
            "value": 1.0,
            "min": 1.0,
            "max": 1.0,
            "count": 1517
        },
        "DroneControl.IsTraining.sum": {
            "value": 1.0,
            "min": 1.0,
            "max": 1.0,
            "count": 1517
        },
        "DroneControl.Losses.PolicyLoss.mean": {
            "value": 0.022951971972361207,
            "min": 0.009599140530917793,
            "max": 0.025080267642624676,
            "count": 730
        },
        "DroneControl.Losses.PolicyLoss.sum": {
            "value": 0.022951971972361207,
            "min": 0.009599140530917793,
            "max": 0.025080267642624676,
            "count": 730
        },
        "DroneControl.Losses.ValueLoss.mean": {
            "value": 82.95654703776042,
            "min": 0.0015711685138133666,
            "max": 99.04424057006835,
            "count": 730
        },
        "DroneControl.Losses.ValueLoss.sum": {
            "value": 82.95654703776042,
            "min": 0.0015711685138133666,
            "max": 99.04424057006835,
            "count": 730
        },
        "DroneControl.Policy.LearningRate.mean": {
            "value": 0.0002545215091595019,
            "min": 0.0002545215091595019,
            "max": 0.00029993855402048197,
            "count": 730
        },
        "DroneControl.Policy.LearningRate.sum": {
            "value": 0.0002545215091595019,
            "min": 0.0002545215091595019,
            "max": 0.00029993855402048197,
            "count": 730
        },
        "DroneControl.Policy.Epsilon.mean": {
            "value": 0.18484049799999996,
            "min": 0.18484049799999996,
            "max": 0.19997951800000005,
            "count": 730
        },
        "DroneControl.Policy.Epsilon.sum": {
            "value": 0.18484049799999996,
            "min": 0.18484049799999996,
            "max": 0.19997951800000005,
            "count": 730
        },
        "DroneControl.Policy.Beta.mean": {
            "value": 0.0042435408501999995,
            "min": 0.0042435408501999995,
            "max": 0.004998977948200002,
            "count": 730
        },
        "DroneControl.Policy.Beta.sum": {
            "value": 0.0042435408501999995,
            "min": 0.0042435408501999995,
            "max": 0.004998977948200002,
            "count": 730
        }
    },
    "metadata": {
        "timer_format_version": "0.1.0",
        "start_time_seconds": "1713178420",
        "python_version": "3.10.12 (main, Jul  5 2023, 18:54:27) [GCC 11.2.0]",
        "command_line_arguments": "/home/urk/miniconda3/envs/mlagents/bin/mlagents-learn trainer_config.yaml --run-id=2 --env=/home/urk/AM/autonomous-drone/Builds/Linux/non-neat-random-speed-env/autonomous-drone.x86_64 --base-port=5007 --force --no-graphics",
        "mlagents_version": "1.0.0",
        "mlagents_envs_version": "1.0.0",
        "communication_protocol_version": "1.5.0",
        "pytorch_version": "2.2.0+cu121",
        "numpy_version": "1.21.2",
        "end_time_seconds": "1713184016"
    },
    "total": 5596.711746810935,
    "count": 1,
    "self": 6.468979037832469,
    "children": {
        "run_training.setup": {
            "total": 0.009672350250184536,
            "count": 1,
            "self": 0.009672350250184536
        },
        "TrainerController.start_learning": {
            "total": 5590.233095422853,
            "count": 1,
            "self": 2.1253047422505915,
            "children": {
                "TrainerController._reset_env": {
                    "total": 1.0977206961251795,
                    "count": 1,
                    "self": 1.0977206961251795
                },
                "TrainerController.advance": {
                    "total": 5586.997841963079,
                    "count": 192109,
                    "self": 1.9115377673879266,
                    "children": {
                        "env_step": {
                            "total": 4064.900217832532,
                            "count": 192109,
                            "self": 3988.8041300452314,
                            "children": {
                                "SubprocessEnvManager._take_step": {
                                    "total": 74.64069019863382,
                                    "count": 192109,
                                    "self": 8.269707408268005,
                                    "children": {
                                        "TorchPolicy.evaluate": {
                                            "total": 66.37098279036582,
                                            "count": 150492,
                                            "self": 66.37098279036582
                                        }
                                    }
                                },
                                "workers": {
                                    "total": 1.4553975886665285,
                                    "count": 192108,
                                    "self": 0.0,
                                    "children": {
                                        "worker_root": {
                                            "total": 5586.783744950779,
                                            "count": 192108,
                                            "is_parallel": true,
                                            "self": 1966.9514585388824,