{
    "name": "root",
    "gauges": {
        "DroneControl.Policy.Entropy.mean": {
            "value": -0.3207659125328064,
            "min": -0.3207659125328064,
            "max": 0.1992170661687851,
            "count": 285
        },
        "DroneControl.Policy.Entropy.sum": {
            "value": -5734.33203125,
            "min": -5734.33203125,
            "max": 16096.7392578125,
            "count": 285
        },
        "DroneControl.Environment.EpisodeLength.mean": {
            "value": 662.5,
            "min": 544.6666666666666,
            "max": 799.0,
            "count": 285
        },
        "DroneControl.Environment.EpisodeLength.sum": {
            "value": 10600.0,
            "min": 1598.0,
            "max": 73436.0,
            "count": 285
        },
        "DroneControl.Step.mean": {
            "value": 10029968.0,
            "min": 6769204.0,
            "max": 10029968.0,
            "count": 327
        },
        "DroneControl.Step.sum": {
            "value": 10029968.0,
            "min": 6769204.0,
            "max": 10029968.0,
            "count": 327
        },
        "DroneControl.Policy.ExtrinsicValueEstimate.mean": {
            "value": 41.950767517089844,
            "min": 19.659425735473633,
            "max": 47.93434143066406,
            "count": 327
        },
        "DroneControl.Policy.ExtrinsicValueEstimate.sum": {
            "value": 671.2122802734375,
            "min": 235.91310119628906,
            "max": 715.5765380859375,
            "count": 327
        },
        "DroneControl.Environment.CumulativeReward.mean": {
            "value": 273.78346917033195,
            "min": 73.96334180235863,
            "max": 403.0702890249399,
            "count": 327
        },
        "DroneControl.Environment.CumulativeReward.sum": {
            "value": 4380.535506725311,
            "min": 1183.413468837738,
            "max": 5779.920049548149,
            "count": 327
        },
        "DroneControl.Policy.ExtrinsicReward.mean": {
            "value": 273.78346917033195,
            "min": 73.96334180235863,
            "max": 403.0702890249399,
            "count": 327
        },
        "DroneControl.Policy.ExtrinsicReward.sum": {
            "value": 4380.535506725311,
            "min": 1183.413468837738,
            "max": 5779.920049548149,
            "count": 327
        },
        "DroneControl.IsTraining.mean": {
            "value": 1.0,
            "min": 1.0,
            "max": 1.0,
            "count": 327
        },
        "DroneControl.IsTraining.sum": {
            "value": 1.0,
            "min": 1.0,
            "max": 1.0,
            "count": 327
        },
        "DroneControl.Losses.PolicyLoss.mean": {
            "value": 0.019233598420396448,
            "min": 0.01075951592065394,
            "max": 0.021383158474539716,
            "count": 135
        },
        "DroneControl.Losses.PolicyLoss.sum": {
            "value": 0.019233598420396448,
            "min": 0.01075951592065394,
            "max": 0.021383158474539716,
            "count": 135
        },
        "DroneControl.Losses.ValueLoss.mean": {
            "value": 21.26264673868815,
            "min": 7.16448095866612,
            "max": 28.040459060668944,
            "count": 135
        },
        "DroneControl.Losses.ValueLoss.sum": {
            "value": 21.26264673868815,
            "min": 7.16448095866612,
            "max": 28.040459060668944,
            "count": 135
        },
        "DroneControl.Policy.LearningRate.mean": {
            "value": 0.00026994195401935207,
            "min": 0.00026994195401935207,
            "max": 0.00027948839483720405,
            "count": 135
        },
        "DroneControl.Policy.LearningRate.sum": {
            "value": 0.00026994195401935207,
            "min": 0.00026994195401935207,
            "max": 0.00027948839483720405,
            "count": 135
        },
        "DroneControl.Policy.Epsilon.mean": {
            "value": 0.18998064799999995,
            "min": 0.18998064799999995,
            "max": 0.19316279600000003,
            "count": 135
        },
        "DroneControl.Policy.Epsilon.sum": {
            "value": 0.18998064799999995,
            "min": 0.18998064799999995,
            "max": 0.19316279600000003,
            "count": 135
        },
        "DroneControl.Policy.Beta.mean": {
            "value": 0.004500034335199998,
            "min": 0.004500034335199998,
            "max": 0.0046588235204,
            "count": 135
        },
        "DroneControl.Policy.Beta.sum": {
            "value": 0.004500034335199998,
            "min": 0.004500034335199998,
            "max": 0.0046588235204,
            "count": 135
        }
    },
    "metadata": {
        "timer_format_version": "0.1.0",
        "start_time_seconds": "1712939763",
        "python_version": "3.10.12 | packaged by conda-forge | (main, Jun 23 2023, 22:34:57) [MSC v.1936 64 bit (AMD64)]",
        "command_line_arguments": "\\\\?\\C:\\Users\\alesm\\miniconda3\\envs\\mlagents\\Scripts\\mlagents-learn trainer_config.yaml --run-id 5 --no-graphics --resume",
        "mlagents_version": "1.0.0",
        "mlagents_envs_version": "1.0.0",
        "communication_protocol_version": "1.5.0",
        "pytorch_version": "1.13.1+cu117",
        "numpy_version": "1.23.1",
        "end_time_seconds": "1712942747"
    },
    "total": 2984.0598245,
    "count": 1,
    "self": 0.015828700008569285,
    "children": {
        "run_training.setup": {
            "total": 0.13226980000035837,
            "count": 1,
            "self": 0.13226980000035837
        },
        "TrainerController.start_learning": {
            "total": 2983.911725999991,
            "count": 1,
            "self": 1.2252786996250506,
            "children": {
                "TrainerController._reset_env": {
                    "total": 24.39633600000525,
                    "count": 1,
                    "self": 24.39633600000525
                },
                "TrainerController.advance": {
                    "total": 2958.2048512003676,
                    "count": 35528,
                    "self": 1.482831598870689,
                    "children": {
                        "env_step": {
                            "total": 2148.5045790019503,
                            "count": 35528,
                            "self": 2028.2269443024124,
                            "children": {
                                "SubprocessEnvManager._take_step": {
                                    "total": 119.5573201008956,
                                    "count": 35528,
                                    "self": 5.629171300446615,
                                    "children": {
                                        "TorchPolicy.evaluate": {
                                            "total": 113.92814880044898,
                                            "count": 32798,
                                            "self": 113.92814880044898
                                        }
                                    }
                                },
                                "workers": {
                                    "total": 0.7203145986422896,
                                    "count": 35527,
                                    "self": 0.0,
                                    "children": {
                                        "worker_root": {
                                            "total": 2962.599187894928,
                                            "count": 35527,
                                            "is_parallel": true,
                                            "self": 1129.2914591941808,
                                            "children": {
                                                "steps_from_proto": {
                                                    "total": 0.002542600006563589,