{
    "name": "root",
    "gauges": {
        "DroneControl.Policy.Entropy.mean": {
            "value": 1.4189382791519165,
            "min": 1.4189382791519165,
            "max": 1.4189382791519165,
            "count": 1
        },
        "DroneControl.Policy.Entropy.sum": {
            "value": 14663.30859375,
            "min": 14663.30859375,
            "max": 14663.30859375,
            "count": 1
        },
        "DroneControl.Step.mean": {
            "value": 9992.0,
            "min": 9992.0,
            "max": 9992.0,
            "count": 1
        },
        "DroneControl.Step.sum": {
            "value": 9992.0,
            "min": 9992.0,
            "max": 9992.0,
            "count": 1
        },
        "DroneControl.Policy.ExtrinsicValueEstimate.mean": {
            "value": 0.12157417833805084,
            "min": 0.12157417833805084,
            "max": 0.12157417833805084,
            "count": 1
        },
        "DroneControl.Policy.ExtrinsicValueEstimate.sum": {
            "value": 107.95787048339844,
            "min": 107.95787048339844,
            "max": 107.95787048339844,
            "count": 1
        },
        "DroneControl.Environment.EpisodeLength.mean": {
            "value": 8.022547914317926,
            "min": 8.022547914317926,
            "max": 8.022547914317926,
            "count": 1
        },
        "DroneControl.Environment.EpisodeLength.sum": {
            "value": 7116.0,
            "min": 7116.0,
            "max": 7116.0,
            "count": 1
        },
        "DroneControl.Environment.CumulativeReward.mean": {
            "value": -0.999381715974205,
            "min": -0.999381715974205,
            "max": -0.999381715974205,
            "count": 1
        },
        "DroneControl.Environment.CumulativeReward.sum": {
            "value": -885.4522003531456,
            "min": -885.4522003531456,
            "max": -885.4522003531456,
            "count": 1
        },
        "DroneControl.Policy.ExtrinsicReward.mean": {
            "value": -0.999381715974205,
            "min": -0.999381715974205,
            "max": -0.999381715974205,
            "count": 1
        },
        "DroneControl.Policy.ExtrinsicReward.sum": {
            "value": -885.4522003531456,
            "min": -885.4522003531456,
            "max": -885.4522003531456,
            "count": 1
        },
        "DroneControl.IsTraining.mean": {
            "value": 1.0,
            "min": 1.0,
            "max": 1.0,
            "count": 1
        },
        "DroneControl.IsTraining.sum": {
            "value": 1.0,
            "min": 1.0,
            "max": 1.0,
            "count": 1
        }
    },
    "metadata": {
        "timer_format_version": "0.1.0",
        "start_time_seconds": "1713088750",
        "python_version": "3.10.12 | packaged by conda-forge | (main, Jun 23 2023, 22:34:57) [MSC v.1936 64 bit (AMD64)]",
        "command_line_arguments": "\\\\?\\C:\\Users\\alesm\\miniconda3\\envs\\mlagents\\Scripts\\mlagents-learn trainer_config.yaml --run-id 6 --no-graphics",
        "mlagents_version": "1.0.0",
        "mlagents_envs_version": "1.0.0",
        "communication_protocol_version": "1.5.0",
        "pytorch_version": "1.13.1+cu117",
        "numpy_version": "1.23.1",
        "end_time_seconds": "1713088836"
    },
    "total": 85.63188699999591,
    "count": 1,
    "self": 0.014717400015797466,
    "children": {
        "run_training.setup": {
            "total": 0.10593620000872761,
            "count": 1,
            "self": 0.10593620000872761
        },
        "TrainerController.start_learning": {
            "total": 85.51123339997139,
            "count": 1,
            "self": 0.06259679718641564,
            "children": {
                "TrainerController._reset_env": {
                    "total": 15.390176699962467,
                    "count": 1,
                    "self": 15.390176699962467
                },
                "TrainerController.advance": {
                    "total": 69.91033260279801,
                    "count": 2853,
                    "self": 0.053261805791407824,
                    "children": {
                        "env_step": {
                            "total": 64.71674439817434,
                            "count": 2853,
                            "self": 57.919206197489984,
                            "children": {
                                "SubprocessEnvManager._take_step": {
                                    "total": 6.763682601216715,
                                    "count": 2854,
                                    "self": 0.13685110170627013,
                                    "children": {
                                        "TorchPolicy.evaluate": {
                                            "total": 6.626831499510445,
                                            "count": 2259,
                                            "self": 6.626831499510445
                                        }
                                    }
                                },
                                "workers": {
                                    "total": 0.033855599467642605,
                                    "count": 2852,
                                    "self": 0.0,
                                    "children": {
                                        "worker_root": {
                                            "total": 55.66003409877885,
                                            "count": 2852,
                                            "is_parallel": true,
                                            "self": 18.6613653996028,
                                            "children": {
                                                "steps_from_proto": {
                                                    "total": 0.0008762000361457467,
                                                    "count": 2,
                                                    "is_parallel": true,
                                                    "self": 0.00022990006254985929,
                                                    "children": {
                                                        "_process_rank_one_or_two_observation": {
                                                            "total": 0.0006462999735958874,
                                                            "count": 4,
                                                            "is_parallel": true,
                                                            "self": 0.0006462999735958874
                                                        }
                                                    }
                                                },
                                                "UnityEnvironment.step": {
                                                    "total": 36.997792499139905,
                                                    "count": 2852,
                                                    "is_parallel": true,
                                                    "self": 0.2644493015250191,
                                                    "children": {
                                                        "UnityEnvironment._generate_step_input": {
                                                            "total": 0.2569198983255774,
                                                            "count": 2852,
                                                            "is_parallel": true,
                                                            "self": 0.2569198983255774
                                                        },
                                                        "communicator.exchange": {
                                                            "total": 35.96037110069301,
                                                            "count": 2852,