{
    "name": "root",
    "gauges": {
        "DroneControl.Policy.Entropy.mean": {
            "value": 1.4164392948150635,
            "min": 1.4164392948150635,
            "max": 1.418938398361206,
            "count": 4
        },
        "DroneControl.Policy.Entropy.sum": {
            "value": 14306.037109375,
            "min": 14044.6513671875,
            "max": 14904.5283203125,
            "count": 4
        },
        "DroneControl.Environment.EpisodeLength.mean": {
            "value": 7.27754763877382,
            "min": 7.070104754230459,
            "max": 7.27754763877382,
            "count": 4
        },
        "DroneControl.Environment.EpisodeLength.sum": {
            "value": 8784.0,
            "min": 8772.0,
            "max": 8784.0,
            "count": 4
        },
        "DroneControl.Step.mean": {
            "value": 39999.0,
            "min": 9996.0,
            "max": 39999.0,
            "count": 4
        },
        "DroneControl.Step.sum": {
            "value": 39999.0,
            "min": 9996.0,
            "max": 39999.0,
            "count": 4
        },
        "DroneControl.Policy.ExtrinsicValueEstimate.mean": {
            "value": -0.2827887535095215,
            "min": -0.2827887535095215,
            "max": 0.017641562968492508,
            "count": 4
        },
        "DroneControl.Policy.ExtrinsicValueEstimate.sum": {
            "value": -341.8916015625,
            "min": -341.8916015625,
            "max": 21.681480407714844,
            "count": 4
        },
        "DroneControl.Environment.CumulativeReward.mean": {
            "value": -0.9999991476880903,
            "min": -0.9999993546919249,
            "max": -0.9999991476880903,
            "count": 4
        },
        "DroneControl.Environment.CumulativeReward.sum": {
            "value": -1208.9989695549011,
            "min": -1238.999200463295,
            "max": -1208.9989695549011,
            "count": 4
        },
        "DroneControl.Policy.ExtrinsicReward.mean": {
            "value": -0.9999991476880903,
            "min": -0.9999993546919249,
            "max": -0.9999991476880903,
            "count": 4
        },
        "DroneControl.Policy.ExtrinsicReward.sum": {
            "value": -1208.9989695549011,
            "min": -1238.999200463295,
            "max": -1208.9989695549011,
            "count": 4
        },
        "DroneControl.IsTraining.mean": {
            "value": 1.0,
            "min": 1.0,
            "max": 1.0,
            "count": 4
        },
        "DroneControl.IsTraining.sum": {
            "value": 1.0,
            "min": 1.0,
            "max": 1.0,
            "count": 4
        },
        "DroneControl.Losses.PolicyLoss.mean": {
            "value": 0.02093056224596997,
            "min": 0.02093056224596997,
            "max": 0.02093056224596997,
            "count": 1
        },
        "DroneControl.Losses.PolicyLoss.sum": {
            "value": 0.02093056224596997,
            "min": 0.02093056224596997,
            "max": 0.02093056224596997,
            "count": 1
        },
        "DroneControl.Losses.ValueLoss.mean": {
            "value": 0.4907627493143082,
            "min": 0.4907627493143082,
            "max": 0.4907627493143082,
            "count": 1
        },
        "DroneControl.Losses.ValueLoss.sum": {
            "value": 0.4907627493143082,
            "min": 0.4907627493143082,
            "max": 0.4907627493143082,
            "count": 1
        },
        "DroneControl.Policy.LearningRate.mean": {
            "value": 0.00029993850302049903,
            "min": 0.00029993850302049903,
            "max": 0.00029993850302049903,
            "count": 1
        },
        "DroneControl.Policy.LearningRate.sum": {
            "value": 0.00029993850302049903,
            "min": 0.00029993850302049903,
            "max": 0.00029993850302049903,
            "count": 1
        },
        "DroneControl.Policy.Epsilon.mean": {
            "value": 0.19997950099999992,
            "min": 0.19997950099999992,
            "max": 0.19997950099999992,
            "count": 1
        },
        "DroneControl.Policy.Epsilon.sum": {
            "value": 0.19997950099999992,
            "min": 0.19997950099999992,
            "max": 0.19997950099999992,
            "count": 1
        },
        "DroneControl.Policy.Beta.mean": {
            "value": 0.0049989770999000005,
            "min": 0.0049989770999000005,
            "max": 0.0049989770999000005,
            "count": 1
        },
        "DroneControl.Policy.Beta.sum": {
            "value": 0.0049989770999000005,
            "min": 0.0049989770999000005,
            "max": 0.0049989770999000005,
            "count": 1
        }
    },
    "metadata": {
        "timer_format_version": "0.1.0",
        "start_time_seconds": "1713394789",
        "python_version": "3.10.12 | packaged by conda-forge | (main, Jun 23 2023, 22:34:57) [MSC v.1936 64 bit (AMD64)]",
        "command_line_arguments": "\\\\?\\C:\\Users\\alesm\\miniconda3\\envs\\mlagents\\Scripts\\mlagents-learn trainer_config.yaml --run-id pokusl2 --no-graphics",
        "mlagents_version": "1.0.0",
        "mlagents_envs_version": "1.0.0",
        "communication_protocol_version": "1.5.0",
        "pytorch_version": "1.13.1+cu117",
        "numpy_version": "1.23.1",
        "end_time_seconds": "1713394966"
    },
    "total": 176.68174140001065,
    "count": 1,
    "self": 0.020425900002010167,
    "children": {
        "run_training.setup": {
            "total": 0.17939780000597239,
            "count": 1,
            "self": 0.17939780000597239
        },
        "TrainerController.start_learning": {
            "total": 176.48191770000267,
            "count": 1,
            "self": 0.10519269965880085,
            "children": {
                "TrainerController._reset_env": {
                    "total": 15.663483800002723,
                    "count": 1,
                    "self": 15.663483800002723
                },
                "TrainerController.advance": {
                    "total": 160.5695376003423,
                    "count": 2249,
                    "self": 0.09038689988665283,
                    "children": {
                        "env_step": {
                            "total": 122.49560220031708,
                            "count": 2249,
                            "self": 119.93006630065793,
                            "children": {
                                "SubprocessEnvManager._take_step": {
                                    "total": 2.5170700001035584,
                                    "count": 2249,
                                    "self": 0.11223760015855078,
                                    "children": {
                                        "TorchPolicy.evaluate": {
                                            "total": 2.4048323999450076,
                                            "count": 487,
                                            "self": 2.4048323999450076
                                        }
                                    }
                                },
                                "workers": {
                                    "total": 0.04846589955559466,
                                    "count": 2249,
                                    "self": 0.0,
                                    "children": {
                                        "worker_root": {
                                            "total": 166.10732780025864,
                                            "count": 2249,
                                            "is_parallel": true,
                                            "self": 52.15911860052438,
                                            "children": {
                                                "steps_from_proto": {
                                                    "total": 0.0011097999959019944,