{
    "name": "root",
    "gauges": {
        "ForestControl.Policy.Entropy.mean": {
            "value": 1.4117107391357422,
            "min": 1.4117107391357422,
            "max": 1.4189382791519165,
            "count": 6
        },
        "ForestControl.Policy.Entropy.sum": {
            "value": 14039.462890625,
            "min": 14039.462890625,
            "max": 14617.90234375,
            "count": 6
        },
        "ForestControl.Environment.EpisodeLength.mean": {
            "value": 11.134872417982988,
            "min": 9.008016032064129,
            "max": 11.317343173431734,
            "count": 6
        },
        "ForestControl.Environment.EpisodeLength.sum": {
            "value": 9164.0,
            "min": 8990.0,
            "max": 9201.0,
            "count": 6
        },
        "ForestControl.Step.mean": {
            "value": 59992.0,
            "min": 9999.0,
            "max": 59992.0,
            "count": 6
        },
        "ForestControl.Step.sum": {
            "value": 59992.0,
            "min": 9999.0,
            "max": 59992.0,
            "count": 6
        },
        "ForestControl.Policy.ExtrinsicValueEstimate.mean": {
            "value": -0.9462963342666626,
            "min": -0.9462963342666626,
            "max": 0.17153526842594147,
            "count": 6
        },
        "ForestControl.Policy.ExtrinsicValueEstimate.sum": {
            "value": -779.7481689453125,
            "min": -779.7481689453125,
            "max": 171.19219970703125,
            "count": 6
        },
        "ForestControl.Environment.CumulativeReward.mean": {
            "value": -0.9879256680752467,
            "min": -0.9910376415343466,
            "max": -0.9875357671425893,
            "count": 6
        },
        "ForestControl.Environment.CumulativeReward.sum": {
            "value": -814.0507504940033,
            "min": -989.0555662512779,
            "max": -802.7461891174316,
            "count": 6
        },
        "ForestControl.Policy.ExtrinsicReward.mean": {
            "value": -0.9879256680752467,
            "min": -0.9910376415343466,
            "max": -0.9875357671425893,
            "count": 6
        },
        "ForestControl.Policy.ExtrinsicReward.sum": {
            "value": -814.0507504940033,
            "min": -989.0555662512779,
            "max": -802.7461891174316,
            "count": 6
        },
        "ForestControl.IsTraining.mean": {
            "value": 1.0,
            "min": 1.0,
            "max": 1.0,
            "count": 6
        },
        "ForestControl.IsTraining.sum": {
            "value": 1.0,
            "min": 1.0,
            "max": 1.0,
            "count": 6
        },
        "ForestControl.Losses.PolicyLoss.mean": {
            "value": 0.019820597193514308,
            "min": 0.01723349733899037,
            "max": 0.019820597193514308,
            "count": 2
        },
        "ForestControl.Losses.PolicyLoss.sum": {
            "value": 0.019820597193514308,
            "min": 0.01723349733899037,
            "max": 0.019820597193514308,
            "count": 2
        },
        "ForestControl.Losses.ValueLoss.mean": {
            "value": 0.010837264048556486,
            "min": 0.010837264048556486,
            "max": 0.1228489696358641,
            "count": 2
        },
        "ForestControl.Losses.ValueLoss.sum": {
            "value": 0.010837264048556486,
            "min": 0.010837264048556486,
            "max": 0.1228489696358641,
            "count": 2
        },
        "ForestControl.Policy.LearningRate.mean": {
            "value": 0.0002997541500819499,
            "min": 0.0002997541500819499,
            "max": 0.0002998771140409619,
            "count": 2
        },
        "ForestControl.Policy.LearningRate.sum": {
            "value": 0.0002997541500819499,
            "min": 0.0002997541500819499,
            "max": 0.0002998771140409619,
            "count": 2
        },
        "ForestControl.Policy.Epsilon.mean": {
            "value": 0.19991805,
            "min": 0.19991805,
            "max": 0.19995903800000006,
            "count": 2
        },
        "ForestControl.Policy.Epsilon.sum": {
            "value": 0.19991805,
            "min": 0.19991805,
            "max": 0.19995903800000006,
            "count": 2
        },
        "ForestControl.Policy.Beta.mean": {
            "value": 0.004995910694999999,
            "min": 0.004995910694999999,
            "max": 0.004997955996200001,
            "count": 2
        },
        "ForestControl.Policy.Beta.sum": {
            "value": 0.004995910694999999,
            "min": 0.004995910694999999,
            "max": 0.004997955996200001,
            "count": 2
        }
    },
    "metadata": {
        "timer_format_version": "0.1.0",
        "start_time_seconds": "1713510117",
        "python_version": "3.10.12 | packaged by conda-forge | (main, Jun 23 2023, 22:34:57) [MSC v.1936 64 bit (AMD64)]",
        "command_line_arguments": "\\\\?\\C:\\Users\\alesm\\miniconda3\\envs\\mlagents\\Scripts\\mlagents-learn trainer_config.yaml --run-id=forest --no-graphics --force",
        "mlagents_version": "1.0.0",
        "mlagents_envs_version": "1.0.0",
        "communication_protocol_version": "1.5.0",
        "pytorch_version": "1.13.1+cu117",
        "numpy_version": "1.23.1",
        "end_time_seconds": "1713510262"
    },
    "total": 144.98328949999996,
    "count": 1,
    "self": 0.014414200006285682,
    "children": {
        "run_training.setup": {
            "total": 0.1437969999969937,
            "count": 1,
            "self": 0.1437969999969937
        },
        "TrainerController.start_learning": {
            "total": 144.82507829999668,
            "count": 1,
            "self": 0.10537920038041193,
            "children": {
                "TrainerController._reset_env": {
                    "total": 22.809934299992165,
                    "count": 1,
                    "self": 22.809934299992165
                },
                "TrainerController.advance": {
                    "total": 121.81780779962719,
                    "count": 4389,
                    "self": 0.08587259963678662,
                    "children": {
                        "env_step": {
                            "total": 80.21336910007813,
                            "count": 4389,
                            "self": 76.55441019999853,
                            "children": {
                                "SubprocessEnvManager._take_step": {
                                    "total": 3.6029916002444224,
                                    "count": 4389,
                                    "self": 0.1287579001946142,
                                    "children": {
                                        "TorchPolicy.evaluate": {
                                            "total": 3.4742337000498082,
                                            "count": 1293,
                                            "self": 3.4742337000498082
                                        }
                                    }
                                },
                                "workers": {
                                    "total": 0.055967299835174344,
                                    "count": 4388,
                                    "self": 0.0,
                                    "children": {
                                        "worker_root": {
                                            "total": 124.7727062000049,
                                            "count": 4388,
                                            "is_parallel": true,
                                            "self": 53.88425250016735,
                                            "children": {
                                                "steps_from_proto": {
                                                    "total": 0.0013729000056628138,