{
    "name": "root",
    "gauges": {
        "DroneControl.Policy.Entropy.mean": {
            "value": -3.4185755252838135,
            "min": -3.4185755252838135,
            "max": -1.2583682537078857,
            "count": 6019
        },
        "DroneControl.Policy.Entropy.sum": {
            "value": -35218.1640625,
            "min": -67411.8359375,
            "max": -1641.66015625,
            "count": 6019
        },
        "DroneControl.Environment.EpisodeLength.mean": {
            "value": 399.0,
            "min": 331.0,
            "max": 399.0,
            "count": 6087
        },
        "DroneControl.Environment.EpisodeLength.sum": {
            "value": 3192.0,
            "min": 399.0,
            "max": 40299.0,
            "count": 6087
        },
        "DroneControl.Step.mean": {
            "value": 88089675.0,
            "min": 15179902.0,
            "max": 88089675.0,
            "count": 7292
        },
        "DroneControl.Step.sum": {
            "value": 88089675.0,
            "min": 15179902.0,
            "max": 88089675.0,
            "count": 7292
        },
        "DroneControl.Policy.ExtrinsicValueEstimate.mean": {
            "value": 161.36033630371094,
            "min": 97.38999938964844,
            "max": 198.0809783935547,
            "count": 7292
        },
        "DroneControl.Policy.ExtrinsicValueEstimate.sum": {
            "value": 4034.00830078125,
            "min": 290.4305419921875,
            "max": 4952.0244140625,
            "count": 7292
        },
        "DroneControl.Environment.CumulativeReward.mean": {
            "value": 644.5254650878907,
            "min": 349.64226196289064,
            "max": 817.8426184082032,
            "count": 7292
        },
        "DroneControl.Environment.CumulativeReward.sum": {
            "value": 16113.136627197266,
            "min": 1182.5181884765625,
            "max": 20446.065460205078,
            "count": 7292
        },
        "DroneControl.Policy.ExtrinsicReward.mean": {
            "value": 644.5254650878907,
            "min": 349.64226196289064,
            "max": 817.8426184082032,
            "count": 7292
        },
        "DroneControl.Policy.ExtrinsicReward.sum": {
            "value": 16113.136627197266,
            "min": 1182.5181884765625,
            "max": 20446.065460205078,
            "count": 7292
        },
        "DroneControl.IsTraining.mean": {
            "value": 1.0,
            "min": 1.0,
            "max": 1.0,
            "count": 7292
        },
        "DroneControl.IsTraining.sum": {
            "value": 1.0,
            "min": 1.0,
            "max": 1.0,
            "count": 7292
        },
        "DroneControl.Losses.PolicyLoss.mean": {
            "value": 0.019149611878674477,
            "min": 0.010089863844526311,
            "max": 0.025926065464348842,
            "count": 2833
        },
        "DroneControl.Losses.PolicyLoss.sum": {
            "value": 0.019149611878674477,
            "min": 0.010089863844526311,
            "max": 0.025926065464348842,
            "count": 2833
        },
        "DroneControl.Losses.ValueLoss.mean": {
            "value": 115.18219833374023,
            "min": 67.55925489726819,
            "max": 182.92388661702475,
            "count": 2833
        },
        "DroneControl.Losses.ValueLoss.sum": {
            "value": 115.18219833374023,
            "min": 67.55925489726819,
            "max": 182.92388661702475,
            "count": 2833
        },
        "DroneControl.Policy.LearningRate.mean": {
            "value": 3.5769463076875e-05,
            "min": 3.5769463076875e-05,
            "max": 0.000254341509219502,
            "count": 2833
        },
        "DroneControl.Policy.LearningRate.sum": {
            "value": 3.5769463076875e-05,
            "min": 3.5769463076875e-05,
            "max": 0.000254341509219502,
            "count": 2833
        },
        "DroneControl.Policy.Epsilon.mean": {
            "value": 0.11192312500000004,
            "min": 0.11192312500000004,
            "max": 0.18478049800000004,
            "count": 2833
        },
        "DroneControl.Policy.Epsilon.sum": {
            "value": 0.11192312500000004,
            "min": 0.11192312500000004,
            "max": 0.18478049800000004,
            "count": 2833
        },
        "DroneControl.Policy.Beta.mean": {
            "value": 0.0006049639375000003,
            "min": 0.0006049639375000003,
            "max": 0.004240546850199999,
            "count": 2833
        },
        "DroneControl.Policy.Beta.sum": {
            "value": 0.0006049639375000003,
            "min": 0.0006049639375000003,
            "max": 0.004240546850199999,
            "count": 2833
        }
    },
    "metadata": {
        "timer_format_version": "0.1.0",
        "start_time_seconds": "1713215904",
        "python_version": "3.10.12 (main, Jul  5 2023, 18:54:27) [GCC 11.2.0]",
        "command_line_arguments": "/home/urk/miniconda3/envs/mlagents/bin/mlagents-learn trainer_config.yaml --run-id=2 --env=/home/urk/AM/autonomous-drone/Builds/Linux/non-neat-random-speed-env/autonomous-drone.x86_64 --base-port=5007 --resume --no-graphics",
        "mlagents_version": "1.0.0",
        "mlagents_envs_version": "1.0.0",
        "communication_protocol_version": "1.5.0",
        "pytorch_version": "2.2.0+cu121",
        "numpy_version": "1.21.2",
        "end_time_seconds": "1713245027"
    },
    "total": 29123.546425075736,
    "count": 1,
    "self": 10.004968050401658,
    "children": {
        "run_training.setup": {
            "total": 0.00977831706404686,
            "count": 1,
            "self": 0.00977831706404686
        },
        "TrainerController.start_learning": {
            "total": 29113.53167870827,
            "count": 1,
            "self": 8.808459877036512,
            "children": {
                "TrainerController._reset_env": {
                    "total": 1.0586468591354787,
                    "count": 1,
                    "self": 1.0586468591354787
                },
                "TrainerController.advance": {
                    "total": 29103.651919118594,
                    "count": 801403,
                    "self": 8.39202290866524,
                    "children": {
                        "env_step": {
                            "total": 21955.685194182675,
                            "count": 801403,
                            "self": 21566.46023029415,
                            "children": {
                                "SubprocessEnvManager._take_step": {
                                    "total": 382.64313257997856,
                                    "count": 801403,
                                    "self": 38.89311895752326,
                                    "children": {
                                        "TorchPolicy.evaluate": {
                                            "total": 343.7500136224553,
                                            "count": 722117,
                                            "self": 343.7500136224553
                                        }
                                    }
                                },
                                "workers": {
                                    "total": 6.581831308547407,
                                    "count": 801402,
                                    "self": 0.0,
                                    "children": {
                                        "worker_root": {
                                            "total": 29099.248270635493,
                                            "count": 801402,
                                            "is_parallel": true,
                                            "self": 9252.630566816311,