{
    "name": "root",
    "gauges": {
        "DroneControl.Policy.Entropy.mean": {
            "value": 1.0726999044418335,
            "min": 1.0714905261993408,
            "max": 1.418938398361206,
            "count": 518
        },
        "DroneControl.Policy.Entropy.sum": {
            "value": 9317.4716796875,
            "min": 6652.68798828125,
            "max": 22969.0703125,
            "count": 518
        },
        "DroneControl.Environment.EpisodeLength.mean": {
            "value": 792.4615384615385,
            "min": 7.941071428571429,
            "max": 799.0,
            "count": 518
        },
        "DroneControl.Environment.EpisodeLength.sum": {
            "value": 10302.0,
            "min": 8858.0,
            "max": 10719.0,
            "count": 518
        },
        "DroneControl.Step.mean": {
            "value": 5179662.0,
            "min": 9991.0,
            "max": 5179662.0,
            "count": 518
        },
        "DroneControl.Step.sum": {
            "value": 5179662.0,
            "min": 9991.0,
            "max": 5179662.0,
            "count": 518
        },
        "DroneControl.Policy.ExtrinsicValueEstimate.mean": {
            "value": 3.734546184539795,
            "min": -0.9298689365386963,
            "max": 3.795933961868286,
            "count": 518
        },
        "DroneControl.Policy.ExtrinsicValueEstimate.sum": {
            "value": 48.54909896850586,
            "min": -953.01806640625,
            "max": 49.22677993774414,
            "count": 518
        },
        "DroneControl.Environment.CumulativeReward.mean": {
            "value": 30.76923076923077,
            "min": -0.9999998663807963,
            "max": 33.333333333333336,
            "count": 518
        },
        "DroneControl.Environment.CumulativeReward.sum": {
            "value": 400.0,
            "min": -1117.8270990252495,
            "max": 408.0,
            "count": 518
        },
        "DroneControl.Policy.ExtrinsicReward.mean": {
            "value": 30.76923076923077,
            "min": -0.9999998663807963,
            "max": 33.333333333333336,
            "count": 518
        },
        "DroneControl.Policy.ExtrinsicReward.sum": {
            "value": 400.0,
            "min": -1117.8270990252495,
            "max": 408.0,
            "count": 518
        },
        "DroneControl.IsTraining.mean": {
            "value": 1.0,
            "min": 1.0,
            "max": 1.0,
            "count": 518
        },
        "DroneControl.IsTraining.sum": {
            "value": 1.0,
            "min": 1.0,
            "max": 1.0,
            "count": 518
        },
        "DroneControl.Losses.PolicyLoss.mean": {
            "value": 0.014673795163010558,
            "min": 0.010478266064698498,
            "max": 0.024574977159500123,
            "count": 249
        },
        "DroneControl.Losses.PolicyLoss.sum": {
            "value": 0.014673795163010558,
            "min": 0.010478266064698498,
            "max": 0.024574977159500123,
            "count": 249
        },
        "DroneControl.Losses.ValueLoss.mean": {
            "value": 0.4182557294766108,
            "min": 0.0063673744443804026,
            "max": 0.45387053887049356,
            "count": 249
        },
        "DroneControl.Losses.ValueLoss.sum": {
            "value": 0.4182557294766108,
            "min": 0.0063673744443804026,
            "max": 0.45387053887049356,
            "count": 249
        },
        "DroneControl.Policy.LearningRate.mean": {
            "value": 0.0002844658191780619,
            "min": 0.0002844658191780619,
            "max": 0.00029993846402051204,
            "count": 249
        },
        "DroneControl.Policy.LearningRate.sum": {
            "value": 0.0002844658191780619,
            "min": 0.0002844658191780619,
            "max": 0.00029993846402051204,
            "count": 249
        },
        "DroneControl.Policy.Epsilon.mean": {
            "value": 0.1948219380000001,
            "min": 0.1948219380000001,
            "max": 0.19997948800000007,
            "count": 249
        },
        "DroneControl.Policy.Epsilon.sum": {
            "value": 0.1948219380000001,
            "min": 0.1948219380000001,
            "max": 0.19997948800000007,
            "count": 249
        },
        "DroneControl.Policy.Beta.mean": {
            "value": 0.0047416147062,
            "min": 0.0047416147062,
            "max": 0.004998976451200001,
            "count": 249
        },
        "DroneControl.Policy.Beta.sum": {
            "value": 0.0047416147062,
            "min": 0.0047416147062,
            "max": 0.004998976451200001,
            "count": 249
        }
    },
    "metadata": {
        "timer_format_version": "0.1.0",
        "start_time_seconds": "1712926110",
        "python_version": "3.10.12 | packaged by conda-forge | (main, Jun 23 2023, 22:34:57) [MSC v.1936 64 bit (AMD64)]",
        "command_line_arguments": "\\\\?\\C:\\Users\\alesm\\miniconda3\\envs\\mlagents\\Scripts\\mlagents-learn trainer_config.yaml --run-id 4 --no-graphics --force",
        "mlagents_version": "1.0.0",
        "mlagents_envs_version": "1.0.0",
        "communication_protocol_version": "1.5.0",
        "pytorch_version": "1.13.1+cu117",
        "numpy_version": "1.23.1",
        "end_time_seconds": "1712930663"
    },
    "total": 4552.885869100006,
    "count": 1,
    "self": 0.013472700011334382,
    "children": {
        "run_training.setup": {
            "total": 0.1008871999947587,
            "count": 1,
            "self": 0.1008871999947587
        },
        "TrainerController.start_learning": {
            "total": 4552.7715092,
            "count": 1,
            "self": 2.185150799807161,
            "children": {
                "TrainerController._reset_env": {
                    "total": 37.632614200003445,
                    "count": 1,
                    "self": 37.632614200003445
                },
                "TrainerController.advance": {
                    "total": 4512.859179700201,
                    "count": 71894,
                    "self": 2.4835699005343486,
                    "children": {
                        "env_step": {
                            "total": 3169.4071353998734,
                            "count": 71894,
                            "self": 2979.611484598281,
                            "children": {
                                "SubprocessEnvManager._take_step": {
                                    "total": 188.48083920378122,
                                    "count": 71894,
                                    "self": 8.504704004051746,
                                    "children": {
                                        "TorchPolicy.evaluate": {
                                            "total": 179.97613519972947,
                                            "count": 51757,
                                            "self": 179.97613519972947
                                        }
                                    }
                                },
                                "workers": {
                                    "total": 1.3148115978110582,
                                    "count": 71893,
                                    "self": 0.0,
                                    "children": {
                                        "worker_root": {
                                            "total": 4515.427241801895,
                                            "count": 71893,
                                            "is_parallel": true,
                                            "self": 1847.1450248021865,
                                            "children": {
                                                "steps_from_proto": {
                                                    "total": 0.0008510000043315813,
                                                    "count": 1,