{
    "name": "root",
    "gauges": {
        "ForestControl.Policy.Entropy.mean": {
            "value": -2.917180299758911,
            "min": -2.931957960128784,
            "max": 1.418938398361206,
            "count": 14399
        },
        "ForestControl.Policy.Entropy.sum": {
            "value": -26482.162109375,
            "min": -64994.31640625,
            "max": 19491.12109375,
            "count": 14399
        },
        "ForestControl.Environment.EpisodeLength.mean": {
            "value": 749.7142857142857,
            "min": 8.715809893307469,
            "max": 799.0,
            "count": 14399
        },
        "ForestControl.Environment.EpisodeLength.sum": {
            "value": 10496.0,
            "min": 7990.0,
            "max": 11737.0,
            "count": 14399
        },
        "ForestControl.Step.mean": {
            "value": 143989839.0,
            "min": 9996.0,
            "max": 143989839.0,
            "count": 14399
        },
        "ForestControl.Step.sum": {
            "value": 143989839.0,
            "min": 9996.0,
            "max": 143989839.0,
            "count": 14399
        },
        "ForestControl.Policy.ExtrinsicValueEstimate.mean": {
            "value": 406.5975646972656,
            "min": -0.9200161695480347,
            "max": 413.3837585449219,
            "count": 14399
        },
        "ForestControl.Policy.ExtrinsicValueEstimate.sum": {
            "value": 5692.36572265625,
            "min": -770.2520141601562,
            "max": 63568.546875,
            "count": 14399
        },
        "ForestControl.Environment.CumulativeReward.mean": {
            "value": 3102.55606515067,
            "min": -0.997984262901967,
            "max": 3337.0277005709136,
            "count": 14399
        },
        "ForestControl.Environment.CumulativeReward.sum": {
            "value": 43435.784912109375,
            "min": -1026.2655401229858,
            "max": 44372.97265625,
            "count": 14399
        },
        "ForestControl.Policy.ExtrinsicReward.mean": {
            "value": 3102.55606515067,
            "min": -0.997984262901967,
            "max": 3337.0277005709136,
            "count": 14399
        },
        "ForestControl.Policy.ExtrinsicReward.sum": {
            "value": 43435.784912109375,
            "min": -1026.2655401229858,
            "max": 44372.97265625,
            "count": 14399
        },
        "ForestControl.IsTraining.mean": {
            "value": 1.0,
            "min": 1.0,
            "max": 1.0,
            "count": 14399
        },
        "ForestControl.IsTraining.sum": {
            "value": 1.0,
            "min": 1.0,
            "max": 1.0,
            "count": 14399
        },
        "ForestControl.Losses.PolicyLoss.mean": {
            "value": 0.01764660229285558,
            "min": 0.009145936820035179,
            "max": 0.17258700031476717,
            "count": 6904
        },
        "ForestControl.Losses.PolicyLoss.sum": {
            "value": 0.01764660229285558,
            "min": 0.009145936820035179,
            "max": 0.17258700031476717,
            "count": 6904
        },
        "ForestControl.Losses.ValueLoss.mean": {
            "value": 74.35067545572916,
            "min": 0.003950670020033916,
            "max": 3117.783036295573,
            "count": 6904
        },
        "ForestControl.Losses.ValueLoss.sum": {
            "value": 74.35067545572916,
            "min": 0.003950670020033916,
            "max": 3117.783036295573,
            "count": 6904
        },
        "ForestControl.Policy.LearningRate.mean": {
            "value": 0.00021361531139490583,
            "min": 0.00021361531139490583,
            "max": 0.0002999876820041059,
            "count": 6904
        },
        "ForestControl.Policy.LearningRate.sum": {
            "value": 0.00021361531139490583,
            "min": 0.00021361531139490583,
            "max": 0.0002999876820041059,
            "count": 6904
        },
        "ForestControl.Policy.Epsilon.mean": {
            "value": 0.17120509420000005,
            "min": 0.17120509420000005,
            "max": 0.19999589399999998,
            "count": 6904
        },
        "ForestControl.Policy.Epsilon.sum": {
            "value": 0.17120509420000005,
            "min": 0.17120509420000005,
            "max": 0.19999589399999998,
            "count": 6904
        },
        "ForestControl.Policy.Beta.mean": {
            "value": 0.0035631342005800017,
            "min": 0.0035631342005800017,
            "max": 0.004999795110600001,
            "count": 6904
        },
        "ForestControl.Policy.Beta.sum": {
            "value": 0.0035631342005800017,
            "min": 0.0035631342005800017,
            "max": 0.004999795110600001,
            "count": 6904
        }
    },
    "metadata": {
        "timer_format_version": "0.1.0",
        "start_time_seconds": "1714052464",
        "python_version": "3.10.12 (main, Jul  5 2023, 18:54:27) [GCC 11.2.0]",
        "command_line_arguments": "/home/urk/miniconda3/envs/mlagents/bin/mlagents-learn trainer_config.yaml --run-id=forest-ppo --env=/home/urk/AM/autonomous-drone/Builds/Linux/ppo-forest-hard-env/autonomous-drone.x86_64 --base-port=5007 --no-graphics --force",
        "mlagents_version": "1.0.0",
        "mlagents_envs_version": "1.0.0",
        "communication_protocol_version": "1.5.0",
        "pytorch_version": "2.2.0+cu121",
        "numpy_version": "1.21.2",
        "end_time_seconds": "1714138934"
    },
    "total": 86470.10083531123,
    "count": 1,
    "self": 1.0024302741512656,
    "children": {
        "run_training.setup": {
            "total": 0.00914541119709611,
            "count": 1,
            "self": 0.00914541119709611
        },
        "TrainerController.start_learning": {
            "total": 86469.08925962588,
            "count": 1,
            "self": 13.494187980424613,
            "children": {
                "TrainerController._reset_env": {
                    "total": 0.940947184804827,
                    "count": 1,
                    "self": 0.940947184804827
                },
                "TrainerController.advance": {
                    "total": 86454.63575353194,
                    "count": 1614075,
                    "self": 12.694614128675312,
                    "children": {
                        "env_step": {
                            "total": 60546.39021576475,
                            "count": 1614075,
                            "self": 59522.07049518172,
                            "children": {
                                "SubprocessEnvManager._take_step": {
                                    "total": 1014.3910300075077,
                                    "count": 1614075,
                                    "self": 66.15117922937497,
                                    "children": {
                                        "TorchPolicy.evaluate": {
                                            "total": 948.2398507781327,
                                            "count": 1412082,
                                            "self": 948.2398507781327
                                        }
                                    }
                                },
                                "workers": {
                                    "total": 9.92869057552889,
                                    "count": 1614075,
                                    "self": 0.0,
                                    "children": {
                                        "worker_root": {
                                            "total": 86356.64764104364,
                                            "count": 1614075,
                                            "is_parallel": true,
                                            "self": 30323.814205985516,